airline,date_of_journey,source,destination,dep_time,arrival_time,duration,total_stops,additional_info,price
Multiple Carriers,2019-06-15,Delhi,Cochin,06:00:00,21:00:00,900,1.0,No Info,7005
Jet Airways,2019-03-06,Banglore,New Delhi,20:35:00,08:15:00,700,1.0,No Info,16736
Jet Airways,2019-06-12,Delhi,Cochin,19:15:00,19:00:00,1425,1.0,In-flight meal not included,10262
Jet Airways,2019-03-21,Delhi,Cochin,18:25:00,18:50:00,1465,2.0,No Info,12347
Indigo,2019-03-21,Delhi,Cochin,06:40:00,13:20:00,400,1.0,No Info,10208
Indigo,2019-05-01,Banglore,Delhi,18:55:00,21:50:00,175,0.0,No Info,4823
Air India,2019-04-06,Banglore,Delhi,13:20:00,16:10:00,170,0.0,No Info,5176
Vistara,2019-04-15,Banglore,Delhi,17:00:00,19:35:00,155,0.0,No Info,5613
Air India,2019-06-03,Delhi,Cochin,14:10:00,17:10:00,180,0.0,No Info,6934
Spicejet,2019-05-21,Mumbai,Hyderabad,13:15:00,14:45:00,90,0.0,No Info,2017
Jet Airways,2019-06-06,Kolkata,Banglore,18:55:00,19:50:00,1495,1.0,In-flight meal not included,10844
Air India,2019-06-03,Delhi,Cochin,12:20:00,19:15:00,1855,2.0,No Info,12488
Multiple Carriers,2019-03-27,Delhi,Cochin,13:00:00,21:00:00,480,1.0,No Info,6883
Jet Airways,2019-06-01,Delhi,Cochin,15:00:00,04:25:00,805,1.0,In-flight meal not included,10262
Spicejet,2019-04-27,Kolkata,Banglore,09:00:00,11:25:00,145,0.0,No Info,4174
Multiple Carriers,2019-05-18,Delhi,Cochin,10:00:00,01:30:00,930,1.0,No Info,8073
Air India,2019-04-01,Kolkata,Banglore,07:00:00,05:25:00,1345,2.0,No Info,12849
Spicejet,2019-05-12,Mumbai,Hyderabad,05:45:00,07:15:00,90,0.0,No Info,2017
Air India,2019-03-27,Delhi,Cochin,13:20:00,07:40:00,1100,2.0,No Info,10178
Indigo,2019-04-21,Delhi,Cochin,05:35:00,08:50:00,195,0.0,No Info,6015
Jet Airways,2019-06-15,Delhi,Cochin,14:00:00,12:35:00,1355,1.0,In-flight meal not included,10262
Air India,2019-04-01,Kolkata,Banglore,09:50:00,23:15:00,805,2.0,No Info,12125
Vistara,2019-06-12,Kolkata,Banglore,07:10:00,20:20:00,790,1.0,No Info,8610
Multiple Carriers,2019-06-24,Delhi,Cochin,10:00:00,19:00:00,540,1.0,No Info,12717
Air India,2019-03-12,Banglore,New Delhi,17:25:00,16:20:00,1375,2.0,No Info,12778
Indigo,2019-06-21,Delhi,Cochin,21:05:00,00:20:00,195,0.0,No Info,5406
Jet Airways,2019-05-18,Delhi,Cochin,20:55:00,04:25:00,450,1.0,In-flight meal not included,12373
Air India,2019-05-18,Kolkata,Banglore,17:30:00,20:25:00,1615,1.0,No Info,10623
Indigo,2019-04-18,Delhi,Cochin,14:20:00,17:35:00,195,0.0,No Info,6015
Jet Airways,2019-06-12,Delhi,Cochin,11:30:00,12:35:00,1505,1.0,In-flight meal not included,10262
Jet Airways,2019-05-21,Delhi,Cochin,09:00:00,12:35:00,1655,1.0,In-flight meal not included,12898
Air India,2019-06-18,Mumbai,Hyderabad,19:30:00,20:45:00,75,0.0,No Info,3100
Jet Airways,2019-03-06,Delhi,Cochin,19:10:00,19:45:00,1475,2.0,No Info,21954
Air Asia,2019-03-24,Kolkata,Banglore,07:35:00,19:25:00,710,1.0,No Info,6785
Indigo,2019-03-15,Banglore,New Delhi,13:00:00,15:50:00,170,0.0,No Info,6144
Jet Airways,2019-05-18,Kolkata,Banglore,09:35:00,22:05:00,750,1.0,In-flight meal not included,12384
Air Asia,2019-05-12,Banglore,Delhi,11:10:00,13:55:00,165,0.0,No Info,3383
Jet Airways,2019-05-18,Delhi,Cochin,19:45:00,19:00:00,1395,1.0,In-flight meal not included,12373
Indigo,2019-06-03,Delhi,Cochin,04:55:00,21:00:00,965,1.0,No Info,6838
Jet Airways,2019-05-21,Delhi,Cochin,10:00:00,19:00:00,540,1.0,No Info,16079
Jet Airways,2019-06-09,Kolkata,Banglore,17:00:00,19:10:00,1570,1.0,In-flight meal not included,10539
Jet Airways,2019-05-12,Kolkata,Banglore,20:25:00,18:00:00,1295,1.0,No Info,14151
Air Asia,2019-06-09,Delhi,Cochin,16:45:00,22:25:00,340,1.0,No Info,13470
Jet Airways,2019-06-12,Delhi,Cochin,09:35:00,04:25:00,1130,2.0,No Info,13292
Air India,2019-04-01,Mumbai,Hyderabad,19:30:00,20:45:00,75,0.0,No Info,2050
Jet Airways,2019-05-15,Kolkata,Banglore,18:55:00,18:15:00,1400,1.0,In-flight meal not included,10844
Multiple Carriers,2019-06-12,Delhi,Cochin,07:10:00,22:30:00,920,1.0,No Info,6513
Jet Airways,2019-03-12,Banglore,New Delhi,22:55:00,11:25:00,750,1.0,No Info,13817
Jet Airways,2019-05-12,Kolkata,Banglore,18:55:00,18:15:00,1400,1.0,In-flight meal not included,10844
Air India,2019-03-06,Banglore,New Delhi,06:45:00,12:15:00,330,1.0,No Info,13912
Indigo,2019-06-03,Delhi,Cochin,11:25:00,01:30:00,845,1.0,No Info,5883
Jet Airways,2019-06-12,Delhi,Cochin,05:30:00,12:35:00,425,2.0,In-flight meal not included,13344
Jet Airways,2019-05-01,Kolkata,Banglore,14:05:00,04:40:00,875,1.0,In-flight meal not included,8586
Indigo,2019-05-01,Banglore,Delhi,22:10:00,01:00:00,170,0.0,No Info,3943
Air India,2019-06-09,Kolkata,Banglore,14:35:00,14:35:00,1440,1.0,No Info,6528
Jet Airways,2019-05-18,Kolkata,Banglore,09:35:00,19:10:00,575,1.0,In-flight meal not included,12384
Air India,2019-06-09,Kolkata,Banglore,12:00:00,18:30:00,1830,2.0,No Info,10151
Indigo,2019-05-09,Kolkata,Banglore,22:15:00,00:50:00,155,0.0,No Info,4804
Multiple Carriers,2019-03-01,Delhi,Cochin,00:20:00,15:30:00,910,1.0,No Info,23170
Multiple Carriers,2019-03-27,Delhi,Cochin,08:55:00,21:00:00,725,1.0,No Info,8055
Spicejet,2019-06-06,Mumbai,Hyderabad,05:45:00,07:15:00,90,0.0,No Info,2753
Vistara,2019-05-09,Kolkata,Banglore,17:00:00,20:20:00,1640,1.0,No Info,9555
Jet Airways,2019-06-01,Banglore,Delhi,15:15:00,18:10:00,175,0.0,No Info,8016
Vistara,2019-03-24,Kolkata,Banglore,20:20:00,22:10:00,1550,1.0,No Info,11105
Jet Airways,2019-05-18,Kolkata,Banglore,14:05:00,16:20:00,1575,1.0,In-flight meal not included,10844
Multiple Carriers,2019-05-18,Delhi,Cochin,08:30:00,19:00:00,630,1.0,No Info,9205
Multiple Carriers,2019-06-01,Delhi,Cochin,06:40:00,19:00:00,740,1.0,No Info,11200
Spicejet,2019-04-24,Banglore,Delhi,05:55:00,08:35:00,160,0.0,No Info,3971
Jet Airways,2019-06-12,Kolkata,Banglore,20:00:00,04:40:00,520,1.0,No Info,12576
Jet Airways,2019-03-09,Delhi,Cochin,13:45:00,04:25:00,880,2.0,No Info,17019
Multiple Carriers,2019-05-15,Delhi,Cochin,09:00:00,21:00:00,720,1.0,No Info,8073
Indigo,2019-06-27,Delhi,Cochin,06:50:00,16:10:00,560,1.0,No Info,6442
Multiple Carriers,2019-03-03,Delhi,Cochin,04:00:00,13:20:00,560,1.0,No Info,14973
Jet Airways,2019-05-09,Delhi,Cochin,23:05:00,04:25:00,1760,2.0,No Info,15129
Air India,2019-05-09,Delhi,Cochin,13:20:00,07:40:00,1100,2.0,No Info,13538
Air India,2019-03-06,Mumbai,Hyderabad,12:45:00,19:25:00,1840,2.0,No Info,13253
Multiple Carriers,2019-06-01,Delhi,Cochin,07:00:00,21:00:00,840,1.0,No Info,7408
Jet Airways,2019-05-21,Delhi,Cochin,02:15:00,19:00:00,1005,1.0,In-flight meal not included,12898
Multiple Carriers,2019-03-27,Delhi,Cochin,09:45:00,22:20:00,755,1.0,No Info,6601
Air India,2019-05-18,Kolkata,Banglore,07:00:00,01:20:00,1100,2.0,No Info,13873
Indigo,2019-03-06,Delhi,Cochin,17:30:00,01:35:00,485,1.0,No Info,14871
Jet Airways,2019-05-09,Delhi,Cochin,07:05:00,12:35:00,330,1.0,No Info,15554
Air India,2019-03-09,Banglore,New Delhi,13:20:00,16:10:00,170,0.0,No Info,8851
Indigo,2019-03-09,Mumbai,Hyderabad,06:20:00,07:45:00,85,0.0,No Info,4392
Air India,2019-03-03,Banglore,New Delhi,19:10:00,10:35:00,925,2.0,No Info,13355
Indigo,2019-04-09,Banglore,Delhi,05:30:00,08:20:00,170,0.0,No Info,3943
Air Asia,2019-04-27,Banglore,Delhi,23:55:00,02:45:00,170,0.0,No Info,3383
Indigo,2019-03-24,Banglore,New Delhi,23:30:00,02:20:00,170,0.0,No Info,4944
Multiple Carriers,2019-06-03,Delhi,Cochin,11:40:00,19:15:00,455,1.0,No Info,9001
Multiple Carriers,2019-03-06,Delhi,Cochin,04:45:00,18:50:00,845,1.0,No Info,13875
Indigo,2019-05-15,Delhi,Cochin,16:00:00,01:30:00,570,1.0,No Info,7923
Air India,2019-06-09,Delhi,Cochin,21:00:00,07:40:00,640,1.0,No Info,8372
Air Asia,2019-06-09,Kolkata,Banglore,10:20:00,12:55:00,155,0.0,No Info,5645
Jet Airways,2019-06-06,Delhi,Cochin,07:05:00,04:25:00,1280,1.0,In-flight meal not included,10262
Multiple Carriers,2019-06-24,Delhi,Cochin,09:00:00,21:00:00,720,1.0,No Info,13587
Jet Airways,2019-05-09,Delhi,Cochin,13:25:00,19:00:00,1775,2.0,No Info,15129
Jet Airways,2019-04-21,Delhi,Cochin,11:00:00,14:15:00,195,0.0,In-flight meal not included,7202
Jet Airways,2019-05-27,Delhi,Cochin,09:40:00,12:35:00,1615,2.0,In-flight meal not included,13029
Goair,2019-03-24,Banglore,New Delhi,07:45:00,10:40:00,175,0.0,No Info,3898
Multiple Carriers,2019-03-27,Delhi,Cochin,04:00:00,15:30:00,690,1.0,No Info,6305
Jet Airways,2019-03-09,Delhi,Cochin,06:50:00,19:45:00,775,1.0,No Info,16289
Jet Airways,2019-05-01,Kolkata,Banglore,16:30:00,22:35:00,365,1.0,No Info,14781
Jet Airways,2019-06-24,Delhi,Cochin,05:30:00,19:00:00,810,2.0,In-flight meal not included,10368
Indigo,2019-06-03,Delhi,Cochin,07:35:00,12:10:00,275,1.0,No Info,6069
Indigo,2019-05-24,Kolkata,Banglore,08:10:00,13:00:00,290,1.0,No Info,5069
Indigo,2019-03-03,Delhi,Cochin,07:35:00,21:20:00,825,2.0,No Info,9413
Indigo,2019-05-27,Delhi,Cochin,05:05:00,12:10:00,425,1.0,No Info,6600
Spicejet,2019-05-24,Kolkata,Banglore,17:10:00,19:40:00,150,0.0,No check-in baggage included,3841
Jet Airways,2019-05-21,Delhi,Cochin,19:30:00,12:35:00,1025,2.0,In-flight meal not included,13029
Jet Airways,2019-06-15,Mumbai,Hyderabad,07:05:00,08:30:00,85,0.0,In-flight meal not included,4050
Multiple Carriers,2019-06-15,Delhi,Cochin,13:00:00,21:00:00,480,1.0,No Info,7408
Jet Airways,2019-05-12,Kolkata,Banglore,17:00:00,23:35:00,395,1.0,No Info,14151
Jet Airways,2019-06-01,Delhi,Cochin,19:15:00,19:00:00,1425,1.0,In-flight meal not included,10262
Air India,2019-04-01,Kolkata,Banglore,20:45:00,23:20:00,155,0.0,No Info,4460
Jet Airways,2019-04-01,Kolkata,Banglore,08:25:00,16:20:00,475,1.0,No Info,12996
Multiple Carriers,2019-03-06,Delhi,Cochin,07:30:00,19:15:00,705,1.0,No Info,15353
Indigo,2019-03-27,Kolkata,Banglore,09:35:00,12:20:00,165,0.0,No Info,4148
Indigo,2019-03-06,Delhi,Cochin,15:00:00,01:35:00,635,1.0,No Info,14871
Jet Airways,2019-05-06,Kolkata,Banglore,17:00:00,10:55:00,1075,1.0,No Info,13067
Air India,2019-03-09,Delhi,Cochin,13:15:00,09:25:00,1210,2.0,No Info,11622
Air India,2019-06-12,Kolkata,Banglore,12:00:00,18:30:00,1830,2.0,No Info,9416
Jet Airways,2019-06-27,Delhi,Cochin,02:15:00,12:35:00,620,1.0,In-flight meal not included,10262
Air Asia,2019-04-09,Banglore,Delhi,04:55:00,07:45:00,170,0.0,No Info,4282
Air India,2019-04-27,Banglore,Delhi,21:05:00,23:55:00,170,0.0,No Info,5228
Jet Airways,2019-06-03,Delhi,Cochin,19:45:00,19:00:00,1395,1.0,No Info,14714
Indigo,2019-04-06,Delhi,Cochin,04:55:00,13:20:00,505,1.0,No Info,5307
Indigo,2019-06-09,Kolkata,Banglore,17:15:00,19:50:00,155,0.0,No Info,4804
Jet Airways,2019-05-15,Kolkata,Banglore,09:35:00,21:05:00,690,1.0,In-flight meal not included,10703
Indigo,2019-06-01,Delhi,Cochin,20:25:00,01:30:00,305,1.0,No Info,6593
Indigo,2019-06-21,Mumbai,Hyderabad,02:35:00,04:05:00,90,0.0,No Info,2754
Multiple Carriers,2019-06-01,Delhi,Cochin,08:45:00,19:00:00,615,1.0,No Info,12524
Multiple Carriers,2019-06-24,Delhi,Cochin,06:00:00,12:35:00,395,1.0,No Info,12524
Jet Airways,2019-06-01,Delhi,Cochin,02:15:00,12:35:00,620,1.0,In-flight meal not included,10262
Spicejet,2019-03-09,Chennai,Kolkata,09:30:00,12:05:00,155,0.0,No Info,6300
Vistara,2019-03-09,Delhi,Cochin,14:55:00,17:50:00,175,0.0,No Info,6741
Indigo,2019-03-24,Mumbai,Hyderabad,19:05:00,20:30:00,85,0.0,No Info,2754
Spicejet,2019-03-24,Kolkata,Banglore,15:05:00,20:45:00,340,1.0,No Info,6197
Jet Airways,2019-05-21,Delhi,Cochin,23:05:00,19:00:00,1195,2.0,No Info,15129
Jet Airways,2019-03-15,Banglore,New Delhi,07:00:00,07:40:00,1480,1.0,In-flight meal not included,7832
Jet Airways,2019-04-06,Delhi,Cochin,11:00:00,14:15:00,195,0.0,In-flight meal not included,4886
Goair,2019-06-15,Delhi,Cochin,10:35:00,19:35:00,540,1.0,No Info,4959
Jet Airways,2019-06-01,Delhi,Cochin,19:15:00,12:35:00,1040,1.0,In-flight meal not included,10262
Multiple Carriers,2019-03-03,Delhi,Cochin,07:05:00,13:20:00,375,1.0,No Info,17057
Jet Airways,2019-03-24,Kolkata,Banglore,21:10:00,16:20:00,1150,1.0,No Info,13759
Air India,2019-04-06,Banglore,Delhi,17:00:00,19:45:00,165,0.0,No Info,4651
Air Asia,2019-04-06,Banglore,Delhi,11:10:00,13:55:00,165,0.0,No Info,3383
Indigo,2019-06-06,Banglore,Delhi,04:00:00,06:50:00,170,0.0,No Info,3943
Jet Airways,2019-05-21,Kolkata,Banglore,18:55:00,16:20:00,1285,1.0,In-flight meal not included,10844
Spicejet,2019-04-15,Delhi,Cochin,08:45:00,13:15:00,270,1.0,No Info,5830
Air India,2019-04-21,Delhi,Cochin,05:10:00,08:00:00,170,0.0,No Info,6094
Trujet,2019-03-06,Mumbai,Hyderabad,13:05:00,16:20:00,195,1.0,No Info,4140
Indigo,2019-06-18,Kolkata,Banglore,17:15:00,19:50:00,155,0.0,No Info,4804
Jet Airways,2019-03-27,Delhi,Cochin,19:10:00,19:45:00,1475,2.0,In-flight meal not included,6643
Jet Airways,2019-05-21,Delhi,Cochin,05:30:00,19:00:00,810,2.0,In-flight meal not included,13029
Air Asia,2019-04-21,Delhi,Cochin,07:55:00,13:25:00,330,1.0,No Info,7452
Air India,2019-03-09,Banglore,New Delhi,10:30:00,11:20:00,1490,1.0,No Info,10321
Jet Airways,2019-05-12,Kolkata,Banglore,09:35:00,14:25:00,1730,1.0,No Info,13067
Air India,2019-05-01,Mumbai,Hyderabad,06:20:00,07:40:00,80,0.0,No Info,3625
Multiple Carriers,2019-06-01,Delhi,Cochin,08:30:00,19:15:00,645,1.0,No Info,8937
Jet Airways,2019-05-01,Kolkata,Banglore,06:30:00,08:15:00,1545,1.0,In-flight meal not included,9663
Jet Airways,2019-03-06,Banglore,New Delhi,14:05:00,21:20:00,435,1.0,No Info,19225
Jet Airways,2019-06-15,Delhi,Cochin,15:00:00,12:35:00,1295,1.0,In-flight meal not included,10262
Air India,2019-03-06,Delhi,Cochin,05:55:00,07:40:00,1545,2.0,No Info,15428
Air India,2019-03-03,Banglore,New Delhi,10:00:00,12:45:00,165,0.0,No Info,8588
Indigo,2019-03-03,Chennai,Kolkata,14:40:00,17:05:00,145,0.0,No Info,7295
Air India,2019-06-03,Banglore,Delhi,21:05:00,23:55:00,170,0.0,No Info,6961
Air Asia,2019-06-12,Delhi,Cochin,07:55:00,22:25:00,870,1.0,No Info,6152
Jet Airways,2019-06-09,Delhi,Cochin,07:05:00,19:00:00,715,1.0,In-flight meal not included,10262
Jet Airways,2019-03-27,Delhi,Cochin,16:00:00,04:25:00,745,1.0,In-flight meal not included,6540
Multiple Carriers,2019-06-27,Delhi,Cochin,09:45:00,22:30:00,765,1.0,No Info,9646
Goair,2019-03-03,Delhi,Cochin,14:10:00,19:20:00,310,1.0,No Info,22794
Multiple Carriers,2019-06-27,Delhi,Cochin,13:00:00,21:00:00,480,1.0,No Info,7408
Indigo,2019-06-03,Delhi,Cochin,02:00:00,07:25:00,325,1.0,No Info,5636
Air India,2019-05-09,Kolkata,Banglore,16:50:00,13:45:00,1255,2.0,No Info,12592
Air India,2019-05-24,Kolkata,Banglore,05:50:00,20:25:00,875,2.0,No Info,11201
Indigo,2019-04-21,Banglore,Delhi,06:05:00,08:50:00,165,0.0,No Info,4423
Goair,2019-03-03,Banglore,New Delhi,15:45:00,20:15:00,270,1.0,No Info,8352
Air India,2019-06-06,Kolkata,Banglore,10:00:00,01:20:00,920,2.0,No Info,13033
Indigo,2019-05-24,Delhi,Cochin,07:30:00,21:00:00,810,1.0,No Info,7006
Indigo,2019-06-01,Delhi,Cochin,08:35:00,22:30:00,835,1.0,No Info,6442
Spicejet,2019-03-21,Banglore,New Delhi,09:35:00,12:30:00,175,0.0,No Info,4945
Multiple Carriers,2019-06-03,Delhi,Cochin,10:00:00,01:30:00,930,1.0,No Info,9508
Goair,2019-06-15,Delhi,Cochin,07:00:00,12:55:00,355,1.0,No Info,5281
Jet Airways,2019-05-21,Mumbai,Hyderabad,10:20:00,11:50:00,90,0.0,No Info,8040
Air India,2019-05-21,Banglore,Delhi,21:05:00,23:55:00,170,0.0,No Info,5228
Jet Airways,2019-03-12,Banglore,New Delhi,22:55:00,10:25:00,690,1.0,No Info,13817
Indigo,2019-03-09,Delhi,Cochin,18:35:00,01:35:00,420,1.0,No Info,12351
Jet Airways,2019-05-18,Delhi,Cochin,19:45:00,12:35:00,1010,1.0,In-flight meal not included,12373
Air India,2019-03-01,Banglore,New Delhi,11:50:00,13:00:00,1510,1.0,1 Long layover,15434
Spicejet,2019-06-24,Kolkata,Banglore,09:00:00,11:25:00,145,0.0,No Info,3873
Jet Airways,2019-04-09,Banglore,Delhi,17:45:00,20:45:00,180,0.0,In-flight meal not included,4544
Air Asia,2019-06-09,Kolkata,Banglore,07:35:00,23:30:00,955,1.0,No Info,7870
Multiple Carriers,2019-05-21,Delhi,Cochin,13:00:00,19:15:00,375,1.0,No Info,14848
Jet Airways,2019-03-27,Delhi,Cochin,19:10:00,04:25:00,555,2.0,In-flight meal not included,8456
Indigo,2019-05-01,Mumbai,Hyderabad,19:05:00,20:35:00,90,0.0,No Info,2754
Jet Airways,2019-05-15,Kolkata,Banglore,20:25:00,09:45:00,800,1.0,In-flight meal not included,12384
Indigo,2019-05-27,Delhi,Cochin,02:00:00,07:25:00,325,1.0,No Info,7164
Jet Airways,2019-05-18,Kolkata,Banglore,20:00:00,23:35:00,1655,1.0,In-flight meal not included,10844
Air India,2019-05-21,Delhi,Cochin,05:55:00,07:40:00,1545,2.0,No Info,11911
Jet Airways,2019-03-01,Banglore,New Delhi,05:45:00,20:20:00,875,1.0,No Info,27992
Jet Airways,2019-05-12,Kolkata,Banglore,20:00:00,04:40:00,520,1.0,No Info,13941
Indigo,2019-03-27,Delhi,Cochin,20:30:00,01:35:00,305,1.0,No Info,5073
Spicejet,2019-04-03,Banglore,Delhi,21:10:00,00:05:00,175,0.0,No Info,3971
Jet Airways,2019-05-24,Kolkata,Banglore,20:00:00,12:00:00,960,1.0,No Info,14571
Indigo,2019-05-21,Banglore,Delhi,10:10:00,13:00:00,170,0.0,No Info,3943
Spicejet,2019-05-21,Banglore,Delhi,09:30:00,12:20:00,170,0.0,No Info,3625
Indigo,2019-05-12,Kolkata,Banglore,15:15:00,17:45:00,150,0.0,No Info,4804
Jet Airways,2019-05-09,Delhi,Cochin,22:50:00,04:25:00,335,1.0,No Info,15554
Spicejet,2019-05-21,Banglore,Delhi,21:10:00,00:05:00,175,0.0,No check-in baggage included,3573
Indigo,2019-03-21,Delhi,Cochin,14:30:00,17:35:00,185,0.0,No Info,5406
Jet Airways,2019-05-09,Delhi,Cochin,20:00:00,04:25:00,505,2.0,No Info,16263
Air India,2019-06-27,Delhi,Cochin,13:15:00,07:40:00,1105,2.0,No Info,13547
Air India,2019-06-12,Kolkata,Banglore,09:25:00,13:45:00,1700,2.0,No Info,11542
Indigo,2019-03-27,Delhi,Cochin,17:30:00,01:35:00,485,1.0,No Info,6628
Jet Airways,2019-05-27,Mumbai,Hyderabad,02:55:00,04:20:00,85,0.0,In-flight meal not included,4050
Spicejet,2019-04-03,Kolkata,Banglore,09:00:00,11:25:00,145,0.0,No Info,3873
Spicejet,2019-05-27,Kolkata,Banglore,06:55:00,09:30:00,155,0.0,No Info,3873
Air India,2019-06-12,Delhi,Cochin,05:00:00,07:40:00,1600,2.0,No Info,10231
Goair,2019-03-03,Banglore,New Delhi,07:45:00,10:40:00,175,0.0,No Info,7222
Jet Airways,2019-05-06,Kolkata,Banglore,20:00:00,04:40:00,520,1.0,No Info,14388
Jet Airways,2019-06-27,Delhi,Cochin,08:00:00,19:00:00,660,1.0,In-flight meal not included,10262
Jet Airways,2019-06-15,Delhi,Cochin,05:30:00,19:00:00,810,2.0,In-flight meal not included,10368
Multiple Carriers,2019-04-09,Delhi,Cochin,08:00:00,19:00:00,660,1.0,No Info,11142
Spicejet,2019-06-12,Kolkata,Banglore,22:20:00,00:40:00,140,0.0,No Info,3873
Multiple Carriers,2019-05-21,Delhi,Cochin,11:30:00,01:30:00,840,1.0,No Info,14067
Jet Airways,2019-04-27,Banglore,Delhi,08:20:00,11:20:00,180,0.0,In-flight meal not included,5198
Multiple Carriers,2019-05-27,Delhi,Cochin,06:00:00,19:15:00,795,1.0,No Info,10786
Jet Airways,2019-03-09,Delhi,Cochin,10:45:00,18:50:00,1925,2.0,No Info,19329
Spicejet,2019-05-12,Chennai,Kolkata,09:45:00,12:00:00,135,0.0,No check-in baggage included,3543
Goair,2019-04-21,Delhi,Cochin,05:55:00,13:35:00,460,1.0,No Info,6146
Jet Airways,2019-03-21,Delhi,Cochin,19:10:00,04:25:00,1995,2.0,In-flight meal not included,8834
Spicejet,2019-06-15,Chennai,Kolkata,09:45:00,12:00:00,135,0.0,No Info,3597
Indigo,2019-06-01,Banglore,Delhi,20:00:00,22:50:00,170,0.0,No Info,4823
Vistara,2019-06-27,Banglore,Delhi,21:00:00,23:50:00,170,0.0,No Info,4878
Air India,2019-03-21,Delhi,Cochin,07:00:00,19:15:00,735,1.0,No Info,7934
Indigo,2019-06-03,Mumbai,Hyderabad,09:10:00,10:40:00,90,0.0,No Info,4049
Air India,2019-05-18,Delhi,Cochin,03:50:00,19:15:00,925,1.0,No Info,8879
Jet Airways,2019-06-09,Kolkata,Banglore,20:00:00,04:40:00,520,1.0,No Info,14178
Jet Airways,2019-05-18,Delhi,Cochin,19:30:00,12:35:00,1025,2.0,In-flight meal not included,10368
Jet Airways,2019-06-06,Delhi,Cochin,20:00:00,04:25:00,505,2.0,In-flight meal not included,15318
Jet Airways,2019-05-21,Kolkata,Banglore,14:05:00,08:15:00,1090,1.0,No Info,14388
Jet Airways,2019-06-03,Delhi,Cochin,21:25:00,19:00:00,1295,2.0,In-flight meal not included,11507
Indigo,2019-03-03,Mumbai,Hyderabad,20:05:00,21:35:00,90,0.0,No Info,5232
Air India,2019-06-09,Banglore,Delhi,10:00:00,12:45:00,165,0.0,No Info,6961
Multiple Carriers,2019-06-09,Delhi,Cochin,08:00:00,19:00:00,660,1.0,No Info,12192
Jet Airways,2019-05-21,Banglore,Delhi,19:50:00,22:50:00,180,0.0,In-flight meal not included,4030
Air India,2019-05-09,Kolkata,Banglore,20:45:00,23:20:00,155,0.0,No Info,4145
Jet Airways,2019-03-06,Mumbai,Hyderabad,17:50:00,16:50:00,1380,2.0,No Info,20845
Air India,2019-03-09,Banglore,New Delhi,17:00:00,16:40:00,1420,1.0,No Info,9292
Jet Airways,2019-06-12,Delhi,Cochin,19:45:00,19:00:00,1395,1.0,In-flight meal not included,10262
Jet Airways,2019-05-24,Kolkata,Banglore,06:30:00,18:15:00,705,1.0,No Info,14571
Air Asia,2019-03-06,Delhi,Cochin,20:10:00,07:10:00,660,1.0,No Info,8627
Jet Airways,2019-03-09,Delhi,Cochin,20:50:00,18:50:00,1320,1.0,No Info,16289
Jet Airways,2019-03-01,Banglore,New Delhi,22:50:00,19:10:00,1220,1.0,No Info,25735
Air India,2019-05-21,Kolkata,Banglore,12:00:00,07:55:00,1195,2.0,No Info,10676
Air Asia,2019-05-06,Banglore,Delhi,04:55:00,07:45:00,170,0.0,No Info,4282
Jet Airways,2019-05-06,Mumbai,Hyderabad,10:20:00,11:50:00,90,0.0,No Info,8040
Air India,2019-05-06,Kolkata,Banglore,10:00:00,05:25:00,1165,2.0,No Info,17049
Vistara,2019-06-12,Kolkata,Banglore,20:20:00,18:50:00,1350,1.0,No Info,8610
Jet Airways,2019-05-27,Delhi,Cochin,15:00:00,04:25:00,805,1.0,In-flight meal not included,12898
Spicejet,2019-03-24,Kolkata,Banglore,22:20:00,00:40:00,140,0.0,No Info,5831
Multiple Carriers,2019-06-09,Delhi,Cochin,12:50:00,01:30:00,760,1.0,No Info,6795
Air India,2019-03-09,Delhi,Cochin,05:15:00,06:50:00,1535,1.0,No Info,9790
Jet Airways,2019-06-03,Delhi,Cochin,09:00:00,12:35:00,1655,1.0,In-flight meal not included,10262
Indigo,2019-05-27,Delhi,Cochin,21:50:00,03:35:00,345,1.0,No Info,6769
Jet Airways,2019-06-27,Delhi,Cochin,11:45:00,12:35:00,1490,2.0,No Info,13882
Jet Airways,2019-05-09,Kolkata,Banglore,14:05:00,04:40:00,875,1.0,No Info,13941
Indigo,2019-03-15,Mumbai,Hyderabad,19:05:00,20:30:00,85,0.0,No Info,2754
Jet Airways,2019-05-01,Kolkata,Banglore,08:25:00,20:45:00,740,1.0,No Info,14781
Air India,2019-03-24,Banglore,New Delhi,06:10:00,08:55:00,165,0.0,No Info,3758
Jet Airways,2019-04-09,Banglore,Delhi,08:20:00,11:20:00,180,0.0,No Info,7229
Air Asia,2019-03-21,Delhi,Cochin,16:45:00,07:10:00,865,1.0,No Info,6151
Indigo,2019-06-12,Kolkata,Banglore,08:10:00,13:00:00,290,1.0,No Info,5069
Multiple Carriers,2019-03-09,Delhi,Cochin,07:05:00,22:20:00,915,1.0,No Info,6916
Multiple Carriers,2019-05-06,Delhi,Cochin,09:00:00,19:00:00,600,1.0,No Info,10407
Jet Airways,2019-06-09,Kolkata,Banglore,09:35:00,21:05:00,690,1.0,No Info,14676
Jet Airways,2019-03-06,Banglore,New Delhi,08:55:00,08:15:00,1400,1.0,No Info,14815
Jet Airways,2019-04-01,Kolkata,Banglore,08:25:00,22:35:00,850,1.0,In-flight meal not included,7064
Spicejet,2019-06-01,Kolkata,Banglore,06:55:00,09:30:00,155,0.0,No Info,3873
Jet Airways,2019-03-12,Banglore,New Delhi,20:35:00,18:25:00,1310,1.0,In-flight meal not included,11087
Jet Airways,2019-05-15,Delhi,Cochin,02:15:00,12:35:00,620,1.0,In-flight meal not included,12373
Jet Airways,2019-05-24,Kolkata,Banglore,14:05:00,22:35:00,510,1.0,In-flight meal not included,10844
Air India,2019-06-12,Delhi,Cochin,13:00:00,19:15:00,375,1.0,No Info,8372
Multiple Carriers,2019-05-15,Delhi,Cochin,12:50:00,19:15:00,385,1.0,No Info,8266
Air India,2019-05-15,Delhi,Cochin,14:10:00,17:10:00,180,0.0,No Info,6094
Jet Airways,2019-06-09,Delhi,Cochin,17:30:00,19:00:00,1530,1.0,In-flight meal not included,10262
Jet Airways,2019-03-06,Delhi,Cochin,17:30:00,19:45:00,1575,1.0,No Info,17024
Air India,2019-06-06,Kolkata,Banglore,14:35:00,14:35:00,1440,1.0,No Info,6528
Air India,2019-04-12,Banglore,Delhi,21:05:00,23:55:00,170,0.0,No Info,5911
Multiple Carriers,2019-06-15,Delhi,Cochin,10:35:00,19:00:00,505,1.0,No Info,10877
Jet Airways,2019-06-01,Delhi,Cochin,09:00:00,19:00:00,600,1.0,No Info,14714
Multiple Carriers,2019-05-27,Delhi,Cochin,17:50:00,01:30:00,460,2.0,No Info,18275
Spicejet,2019-06-03,Delhi,Cochin,17:55:00,22:50:00,295,1.0,No Info,5409
Jet Airways,2019-05-27,Delhi,Cochin,02:15:00,12:35:00,620,1.0,No Info,16376
Indigo,2019-06-18,Kolkata,Banglore,14:25:00,16:55:00,150,0.0,No Info,4804
Jet Airways,2019-06-15,Delhi,Cochin,13:00:00,04:25:00,925,1.0,In-flight meal not included,10262
Multiple Carriers,2019-05-15,Delhi,Cochin,11:30:00,21:00:00,570,1.0,No Info,13727
Multiple Carriers,2019-06-01,Delhi,Cochin,12:50:00,21:00:00,490,1.0,No Info,7005
Indigo,2019-05-09,Delhi,Cochin,02:00:00,07:25:00,325,1.0,No Info,6582
Jet Airways,2019-06-24,Delhi,Cochin,09:00:00,12:35:00,1655,1.0,In-flight meal not included,10262
Indigo,2019-04-09,Kolkata,Banglore,20:20:00,22:55:00,155,0.0,No Info,4488
Jet Airways,2019-06-12,Delhi,Cochin,09:40:00,04:25:00,1125,2.0,No Info,13014
Indigo,2019-03-21,Banglore,New Delhi,05:25:00,10:10:00,285,1.0,No Info,6208
Jet Airways,2019-03-03,Delhi,Cochin,09:55:00,18:50:00,535,1.0,No Info,18550
Jet Airways,2019-03-24,Kolkata,Banglore,21:10:00,20:40:00,1410,1.0,In-flight meal not included,10031
Air India,2019-03-18,Banglore,New Delhi,17:00:00,19:45:00,165,0.0,No Info,4441
Air India,2019-03-03,Banglore,New Delhi,07:30:00,10:50:00,1640,2.0,No Info,12074
Indigo,2019-05-18,Kolkata,Banglore,19:20:00,23:45:00,265,1.0,No Info,3717
Jet Airways,2019-05-09,Delhi,Cochin,18:15:00,19:00:00,1485,1.0,In-flight meal not included,12373
Indigo,2019-03-15,Kolkata,Banglore,05:30:00,08:20:00,170,0.0,No Info,4148
Multiple Carriers,2019-06-06,Delhi,Cochin,07:05:00,21:00:00,835,1.0,No Info,13587
Indigo,2019-03-18,Chennai,Kolkata,07:55:00,10:15:00,140,0.0,No Info,3850
Air Asia,2019-03-09,Delhi,Cochin,16:45:00,22:15:00,330,1.0,No Info,8327
Air Asia,2019-03-15,Kolkata,Banglore,10:20:00,12:55:00,155,0.0,No Info,4384
Jet Airways,2019-04-01,Kolkata,Banglore,06:30:00,16:20:00,590,1.0,In-flight meal not included,7851
Multiple Carriers,2019-05-09,Delhi,Cochin,11:30:00,01:30:00,840,1.0,No Info,15078
Indigo,2019-06-21,Kolkata,Banglore,21:25:00,00:05:00,160,0.0,No Info,4804
Air India,2019-03-03,Banglore,New Delhi,06:10:00,08:55:00,165,0.0,No Info,8851
Jet Airways,2019-03-12,Banglore,New Delhi,18:55:00,07:40:00,765,1.0,No Info,13817
Vistara,2019-06-12,Kolkata,Banglore,20:20:00,09:05:00,765,1.0,No Info,7927
Indigo,2019-03-21,Banglore,New Delhi,20:00:00,22:55:00,175,0.0,No Info,6144
Air India,2019-03-21,Banglore,New Delhi,22:00:00,13:20:00,920,1.0,No Info,6955
Multiple Carriers,2019-06-15,Delhi,Cochin,13:15:00,22:30:00,555,1.0,No Info,8018
Indigo,2019-06-09,Delhi,Cochin,02:00:00,07:45:00,345,1.0,No Info,6386
Spicejet,2019-04-12,Kolkata,Banglore,06:55:00,09:30:00,155,0.0,No check-in baggage included,3841
Jet Airways,2019-04-01,Kolkata,Banglore,08:25:00,19:50:00,685,1.0,No Info,12681
Spicejet,2019-05-24,Chennai,Kolkata,08:20:00,10:35:00,135,0.0,No check-in baggage included,3543
Jet Airways,2019-05-06,Kolkata,Banglore,18:55:00,08:15:00,800,1.0,No Info,13584
Multiple Carriers,2019-03-21,Delhi,Cochin,07:05:00,22:20:00,915,1.0,No Info,6717
Indigo,2019-04-24,Delhi,Cochin,04:55:00,21:00:00,965,1.0,No Info,6162
Air India,2019-06-01,Delhi,Cochin,10:00:00,19:15:00,555,1.0,No Info,9929
Indigo,2019-06-09,Delhi,Cochin,07:35:00,16:10:00,515,1.0,No Info,6442
Jet Airways,2019-05-09,Kolkata,Banglore,09:35:00,21:05:00,690,1.0,In-flight meal not included,12384
Air India,2019-04-12,Banglore,Delhi,13:20:00,16:10:00,170,0.0,No Info,5911
Spicejet,2019-05-18,Chennai,Kolkata,09:45:00,12:00:00,135,0.0,No check-in baggage included,3543
Jet Airways,2019-05-12,Kolkata,Banglore,06:30:00,16:20:00,590,1.0,In-flight meal not included,10844
Multiple Carriers,2019-06-03,Delhi,Cochin,06:40:00,19:00:00,740,1.0,No Info,10877
Spicejet,2019-04-03,Kolkata,Banglore,17:10:00,19:40:00,150,0.0,No check-in baggage included,3841
Indigo,2019-04-24,Banglore,Delhi,13:00:00,15:50:00,170,0.0,No Info,4423
Indigo,2019-05-18,Chennai,Kolkata,19:35:00,21:55:00,140,0.0,No Info,3597
Multiple Carriers,2019-05-15,Delhi,Cochin,16:00:00,01:30:00,570,1.0,No Info,13727
Goair,2019-04-18,Banglore,Delhi,20:55:00,23:40:00,165,0.0,No Info,5048
Jet Airways,2019-06-03,Delhi,Cochin,09:35:00,12:35:00,1620,2.0,In-flight meal not included,11507
Vistara,2019-06-24,Banglore,Delhi,09:45:00,12:35:00,170,0.0,No Info,4668
Jet Airways,2019-03-27,Delhi,Cochin,07:05:00,04:25:00,1280,1.0,No Info,12452
Spicejet,2019-05-06,Chennai,Kolkata,17:45:00,20:05:00,140,0.0,No Info,3597
Jet Airways,2019-03-21,Delhi,Cochin,06:20:00,04:25:00,1325,2.0,No Info,12273
Jet Airways,2019-05-27,Delhi,Cochin,19:30:00,12:35:00,1025,2.0,No Info,15129
Indigo,2019-04-21,Banglore,Delhi,20:00:00,22:50:00,170,0.0,No Info,4823
Air India,2019-05-09,Delhi,Cochin,05:55:00,19:15:00,800,2.0,No Info,10861
Jet Airways,2019-05-15,Kolkata,Banglore,08:25:00,23:35:00,910,1.0,No Info,13941
Multiple Carriers,2019-05-15,Delhi,Cochin,13:00:00,21:00:00,480,1.0,No Info,13727
Jet Airways,2019-05-01,Banglore,Delhi,11:10:00,14:05:00,175,0.0,In-flight meal not included,4030
Jet Airways,2019-03-24,Kolkata,Banglore,19:45:00,23:25:00,1660,1.0,No Info,13759
Spicejet,2019-05-01,Kolkata,Banglore,11:35:00,18:50:00,435,1.0,No Info,8479
Multiple Carriers,2019-06-03,Delhi,Cochin,07:00:00,19:00:00,720,1.0,No Info,12402
Spicejet,2019-04-09,Banglore,Delhi,21:10:00,00:05:00,175,0.0,No check-in baggage included,3919
Air India,2019-06-15,Delhi,Cochin,20:00:00,19:15:00,1395,2.0,No Info,11071
Indigo,2019-06-24,Kolkata,Banglore,15:15:00,17:45:00,150,0.0,No Info,4804
Indigo,2019-05-06,Kolkata,Banglore,09:20:00,14:15:00,295,1.0,No Info,11319
Air India,2019-05-21,Delhi,Cochin,05:55:00,19:15:00,800,2.0,No Info,10861
Jet Airways,2019-06-06,Kolkata,Banglore,18:55:00,18:15:00,1400,1.0,In-flight meal not included,10844
Jet Airways,2019-05-09,Delhi,Cochin,17:30:00,19:00:00,1530,1.0,No Info,15554
Air India,2019-05-12,Kolkata,Banglore,12:00:00,18:30:00,1830,2.0,No Info,10676
Jet Airways,2019-05-21,Delhi,Cochin,19:30:00,04:25:00,535,2.0,No Info,15129
Vistara,2019-06-12,Kolkata,Banglore,17:00:00,20:20:00,1640,1.0,No Info,8085
Indigo,2019-05-09,Delhi,Cochin,09:15:00,01:30:00,975,1.0,No Info,8854
Goair,2019-04-15,Delhi,Cochin,07:25:00,13:35:00,370,1.0,No Info,5052
Indigo,2019-06-01,Kolkata,Banglore,21:25:00,00:05:00,160,0.0,No Info,4804
Jet Airways,2019-06-27,Delhi,Cochin,23:05:00,04:25:00,1760,2.0,No Info,12819
Jet Airways,2019-05-27,Delhi,Cochin,19:15:00,12:35:00,1040,1.0,In-flight meal not included,12898
Multiple Carriers,2019-03-27,Delhi,Cochin,07:30:00,19:15:00,705,1.0,No Info,8371
Indigo,2019-04-27,Delhi,Cochin,07:35:00,12:10:00,275,1.0,No Info,5073
Air India,2019-06-15,Delhi,Cochin,09:45:00,23:00:00,795,1.0,No Info,8907
Spicejet,2019-03-03,Banglore,New Delhi,05:45:00,08:35:00,170,0.0,No Info,6860
Indigo,2019-06-09,Chennai,Kolkata,14:45:00,17:05:00,140,0.0,No Info,3597
Spicejet,2019-03-03,Kolkata,Banglore,22:20:00,00:40:00,140,0.0,No Info,5515
Indigo,2019-05-09,Delhi,Cochin,16:10:00,22:30:00,380,1.0,No Info,6704
Multiple Carriers,2019-05-27,Delhi,Cochin,08:30:00,19:00:00,630,1.0,No Info,9627
Goair,2019-06-09,Kolkata,Banglore,16:40:00,00:15:00,455,1.0,No Info,9495
Jet Airways,2019-05-15,Kolkata,Banglore,18:55:00,08:15:00,800,1.0,No Info,14388
Air India,2019-03-03,Banglore,New Delhi,08:50:00,11:10:00,1580,2.0,No Info,12599
Jet Airways,2019-04-01,Kolkata,Banglore,21:10:00,08:15:00,665,1.0,No Info,13364
Multiple Carriers,2019-03-03,Delhi,Cochin,10:20:00,01:35:00,915,1.0,No Info,15147
Air India,2019-05-01,Kolkata,Banglore,10:00:00,13:45:00,1665,2.0,No Info,15164
Vistara,2019-06-06,Kolkata,Banglore,20:20:00,18:50:00,1350,1.0,No Info,8820
Indigo,2019-03-21,Kolkata,Banglore,05:30:00,08:20:00,170,0.0,No Info,4148
Indigo,2019-03-27,Delhi,Cochin,06:40:00,21:20:00,880,2.0,No Info,6494
Jet Airways,2019-05-21,Kolkata,Banglore,21:10:00,18:15:00,1265,1.0,In-flight meal not included,10844
Jet Airways,2019-05-12,Banglore,Delhi,15:15:00,18:10:00,175,0.0,In-flight meal not included,4544
Air India,2019-05-09,Kolkata,Banglore,10:00:00,05:25:00,1165,2.0,No Info,14424
Vistara,2019-05-03,Banglore,Delhi,17:00:00,19:35:00,155,0.0,No Info,5613
Air India,2019-04-27,Kolkata,Banglore,20:45:00,23:20:00,155,0.0,No Info,4145
Goair,2019-06-27,Banglore,Delhi,07:45:00,10:40:00,175,0.0,No Info,3419
Multiple Carriers,2019-05-21,Delhi,Cochin,19:00:00,01:30:00,390,1.0,No Info,7485
Jet Airways,2019-04-03,Banglore,Delhi,06:00:00,08:45:00,165,0.0,No Info,7229
Air India,2019-03-06,Delhi,Cochin,07:00:00,19:15:00,735,1.0,No Info,15809
Jet Airways,2019-03-21,Mumbai,Hyderabad,15:50:00,17:20:00,90,0.0,No Info,5678
Indigo,2019-05-18,Kolkata,Banglore,21:25:00,00:05:00,160,0.0,No Info,4804
Jet Airways,2019-05-24,Kolkata,Banglore,18:55:00,04:40:00,585,1.0,In-flight meal not included,8586
Spicejet,2019-06-24,Delhi,Cochin,08:45:00,13:15:00,270,1.0,No check-in baggage included,4760
Jet Airways,2019-04-03,Mumbai,Hyderabad,10:20:00,11:50:00,90,0.0,No Info,8040
Indigo,2019-03-06,Delhi,Cochin,16:00:00,01:35:00,575,1.0,No Info,14871
Jet Airways,2019-06-09,Delhi,Cochin,21:25:00,19:00:00,1295,2.0,No Info,13292
Indigo,2019-04-27,Delhi,Cochin,08:35:00,16:10:00,455,1.0,No Info,6442
Jet Airways,2019-06-15,Mumbai,Hyderabad,02:55:00,04:20:00,85,0.0,No Info,5678
Jet Airways,2019-06-01,Delhi,Cochin,11:40:00,19:00:00,440,2.0,No Info,18804
Indigo,2019-05-15,Kolkata,Banglore,15:15:00,20:05:00,290,1.0,No Info,5380
Jet Airways,2019-06-24,Delhi,Cochin,11:30:00,04:25:00,1015,1.0,In-flight meal not included,10262
Jet Airways,2019-05-06,Kolkata,Banglore,17:00:00,09:45:00,1005,1.0,In-flight meal not included,8066
Vistara,2019-05-06,Banglore,Delhi,09:45:00,12:35:00,170,0.0,No Info,4668
Air India,2019-05-03,Kolkata,Banglore,20:45:00,23:20:00,155,0.0,No Info,4145
Multiple Carriers,2019-06-24,Delhi,Cochin,07:30:00,19:00:00,690,1.0,No Info,10877
Jet Airways,2019-05-21,Kolkata,Banglore,16:30:00,23:35:00,425,1.0,No Info,14781
Jet Airways,2019-06-03,Banglore,Delhi,15:15:00,18:10:00,175,0.0,In-flight meal not included,5769
Jet Airways,2019-05-09,Kolkata,Banglore,18:55:00,10:05:00,910,1.0,In-flight meal not included,8586
Jet Airways,2019-03-18,Banglore,New Delhi,11:40:00,08:15:00,1235,1.0,No Info,12284
Vistara,2019-04-01,Banglore,Delhi,19:30:00,22:15:00,165,0.0,No Info,5613
Multiple Carriers,2019-03-27,Delhi,Cochin,13:05:00,21:20:00,495,2.0,No Info,6128
Goair,2019-05-24,Kolkata,Banglore,23:30:00,07:45:00,495,1.0,No Info,7335
Indigo,2019-05-15,Banglore,Delhi,18:55:00,21:50:00,175,0.0,No Info,4823
Vistara,2019-05-12,Banglore,Delhi,17:00:00,19:35:00,155,0.0,No Info,4878
Multiple Carriers,2019-06-03,Delhi,Cochin,04:55:00,12:35:00,460,1.0,No Info,11622
Jet Airways,2019-03-01,Banglore,New Delhi,11:40:00,10:25:00,1365,1.0,No Info,25735
Indigo,2019-03-21,Delhi,Cochin,10:45:00,01:35:00,890,1.0,No Info,7318
Jet Airways,2019-05-21,Delhi,Cochin,09:40:00,19:00:00,560,2.0,In-flight meal not included,13029
Jet Airways,2019-06-15,Mumbai,Hyderabad,10:20:00,11:50:00,90,0.0,No Info,5678
Indigo,2019-03-06,Chennai,Kolkata,19:35:00,21:55:00,140,0.0,No Info,7295
Jet Airways,2019-05-21,Delhi,Cochin,19:15:00,04:25:00,550,1.0,No Info,16079
Jet Airways,2019-03-01,Banglore,New Delhi,07:00:00,18:25:00,685,1.0,No Info,26890
Indigo,2019-04-15,Kolkata,Banglore,19:20:00,23:45:00,265,1.0,No Info,3809
Air India,2019-06-21,Delhi,Cochin,05:10:00,08:00:00,170,0.0,No Info,5201
Indigo,2019-05-21,Delhi,Cochin,23:30:00,04:35:00,305,1.0,No Info,8745
Indigo,2019-04-24,Delhi,Cochin,20:25:00,01:30:00,305,1.0,No Info,5065
Air India,2019-06-12,Kolkata,Banglore,05:50:00,23:15:00,1045,2.0,No Info,12723
Spicejet,2019-04-15,Banglore,Delhi,09:30:00,12:20:00,170,0.0,No check-in baggage included,4319
Jet Airways,2019-06-12,Delhi,Cochin,19:30:00,04:25:00,535,2.0,In-flight meal not included,10368
Air India,2019-06-15,Delhi,Cochin,20:15:00,19:15:00,1380,2.0,No Info,13591
Multiple Carriers,2019-05-15,Delhi,Cochin,07:00:00,21:00:00,840,1.0,No Info,8073
Indigo,2019-06-01,Delhi,Cochin,16:10:00,22:30:00,380,1.0,No Info,6938
Vistara,2019-06-09,Kolkata,Banglore,20:20:00,10:45:00,865,1.0,No Info,9397
Jet Airways,2019-05-24,Kolkata,Banglore,16:30:00,23:35:00,425,1.0,No Info,14571
Jet Airways,2019-03-27,Delhi,Cochin,18:15:00,04:25:00,610,1.0,In-flight meal not included,6540
Jet Airways,2019-03-18,Banglore,New Delhi,16:55:00,08:15:00,920,1.0,No Info,13555
Multiple Carriers,2019-05-15,Delhi,Cochin,08:00:00,19:00:00,660,1.0,No Info,10197
Jet Airways,2019-03-06,Banglore,New Delhi,08:00:00,15:15:00,435,1.0,No Info,19225
Multiple Carriers,2019-03-27,Delhi,Cochin,08:00:00,21:00:00,780,1.0,No Info,6883
Multiple Carriers,2019-06-15,Delhi,Cochin,08:00:00,21:00:00,780,1.0,No Info,13587
Jet Airways,2019-03-01,Banglore,New Delhi,08:00:00,15:15:00,435,1.0,No Info,22270
Jet Airways,2019-05-24,Kolkata,Banglore,06:30:00,18:15:00,705,1.0,In-flight meal not included,10844
Jet Airways,2019-05-12,Kolkata,Banglore,20:25:00,14:25:00,1080,1.0,No Info,13067
Air India,2019-05-27,Delhi,Cochin,12:20:00,19:15:00,1855,2.0,No Info,12488
Spicejet,2019-03-18,Kolkata,Banglore,22:20:00,00:40:00,140,0.0,No Info,3847
Air India,2019-03-06,Mumbai,Hyderabad,19:30:00,20:45:00,75,0.0,No Info,5462
Air India,2019-06-12,Banglore,Delhi,06:10:00,08:55:00,165,0.0,No Info,6961
Jet Airways,2019-03-21,Banglore,New Delhi,11:40:00,21:20:00,580,1.0,In-flight meal not included,7832
Jet Airways,2019-06-09,Delhi,Cochin,06:45:00,04:25:00,1300,2.0,No Info,13376
Jet Airways,2019-05-24,Kolkata,Banglore,14:05:00,23:35:00,570,1.0,No Info,14571
Spicejet,2019-04-01,Kolkata,Banglore,15:05:00,20:20:00,315,1.0,No Info,4649
Jet Airways,2019-03-27,Delhi,Cochin,15:05:00,04:25:00,800,1.0,No Info,12242
Indigo,2019-04-01,Delhi,Cochin,14:20:00,17:35:00,195,0.0,No Info,4729
Spicejet,2019-04-12,Banglore,Delhi,05:55:00,08:35:00,160,0.0,No check-in baggage included,4319
Indigo,2019-03-03,Mumbai,Hyderabad,16:55:00,18:25:00,90,0.0,No Info,6795
Jet Airways,2019-05-15,Kolkata,Banglore,21:10:00,08:15:00,665,1.0,No Info,14388
Multiple Carriers,2019-06-12,Delhi,Cochin,18:15:00,01:30:00,435,1.0,No Info,13377
Jet Airways,2019-06-12,Mumbai,Hyderabad,10:20:00,11:50:00,90,0.0,In-flight meal not included,4995
Air India,2019-05-21,Delhi,Cochin,05:10:00,08:00:00,170,0.0,No Info,6094
Indigo,2019-03-21,Kolkata,Banglore,10:10:00,12:55:00,165,0.0,No Info,5198
Air India,2019-03-24,Kolkata,Banglore,20:30:00,12:30:00,960,1.0,No Info,12173
Jet Airways,2019-06-03,Delhi,Cochin,20:55:00,19:00:00,1325,1.0,No Info,14714
Indigo,2019-03-03,Delhi,Cochin,07:35:00,22:20:00,885,1.0,No Info,11600
Air India,2019-04-03,Kolkata,Banglore,09:10:00,04:40:00,1170,2.0,No Info,4647
Jet Airways,2019-05-21,Delhi,Cochin,21:50:00,12:35:00,885,1.0,In-flight meal not included,12898
Indigo,2019-03-09,Mumbai,Hyderabad,09:10:00,10:35:00,85,0.0,No Info,7417
Spicejet,2019-06-09,Kolkata,Banglore,11:15:00,18:30:00,435,1.0,No Info,9946
Indigo,2019-03-06,Delhi,Cochin,05:35:00,08:50:00,195,0.0,No Info,7673
Multiple Carriers,2019-05-27,Delhi,Cochin,10:35:00,19:15:00,520,1.0,No Info,8625
Jet Airways,2019-05-24,Kolkata,Banglore,14:05:00,16:20:00,1575,1.0,In-flight meal not included,10844
Jet Airways,2019-03-09,Delhi,Cochin,19:15:00,04:25:00,550,1.0,In-flight meal not included,14053
Spicejet,2019-04-09,Kolkata,Banglore,09:00:00,11:25:00,145,0.0,No check-in baggage included,3841
Jet Airways,2019-04-03,Banglore,Delhi,19:50:00,22:50:00,180,0.0,In-flight meal not included,4544
Spicejet,2019-03-03,Delhi,Cochin,15:55:00,21:55:00,360,1.0,No Info,11349
Indigo,2019-03-06,Mumbai,Hyderabad,02:30:00,04:00:00,90,0.0,No Info,3175
Air India,2019-04-24,Kolkata,Banglore,20:45:00,23:20:00,155,0.0,No Info,4145
Jet Airways,2019-03-06,Banglore,New Delhi,14:05:00,08:15:00,1090,1.0,No Info,14815
Indigo,2019-03-09,Banglore,New Delhi,01:30:00,04:15:00,165,0.0,No Info,4545
Jet Airways,2019-05-01,Kolkata,Banglore,14:05:00,04:40:00,875,1.0,No Info,13941
Jet Airways,2019-04-15,Banglore,Delhi,06:00:00,08:45:00,165,0.0,No Info,7229
Air India,2019-03-15,Banglore,New Delhi,06:10:00,08:55:00,165,0.0,No Info,7276
Jet Airways,2019-05-12,Kolkata,Banglore,08:25:00,18:15:00,590,1.0,No Info,14781
Jet Airways,2019-05-09,Delhi,Cochin,21:25:00,12:35:00,910,2.0,In-flight meal not included,11507
Spicejet,2019-06-27,Mumbai,Hyderabad,13:15:00,14:45:00,90,0.0,No Info,2017
Jet Airways,2019-06-27,Delhi,Cochin,10:00:00,19:00:00,540,1.0,In-flight meal not included,10262
Spicejet,2019-05-03,Mumbai,Hyderabad,05:45:00,07:15:00,90,0.0,No check-in baggage included,1965
Jet Airways,2019-06-09,Kolkata,Banglore,16:30:00,22:35:00,365,1.0,In-flight meal not included,10844
Air India,2019-06-12,Delhi,Cochin,12:30:00,09:25:00,1255,1.0,No Info,7480
Spicejet,2019-05-21,Banglore,Delhi,05:55:00,08:35:00,160,0.0,No check-in baggage included,3257
Jet Airways,2019-06-09,Delhi,Cochin,22:50:00,04:25:00,335,1.0,In-flight meal not included,10262
Air India,2019-05-24,Kolkata,Banglore,07:00:00,20:25:00,805,1.0,No Info,10413
Jet Airways,2019-06-12,Kolkata,Banglore,06:30:00,18:15:00,705,1.0,No Info,13626
Vistara,2019-05-18,Kolkata,Banglore,07:10:00,18:50:00,700,1.0,No Info,9345
Air Asia,2019-03-27,Kolkata,Banglore,19:35:00,22:05:00,150,0.0,No Info,3782
Air India,2019-03-03,Banglore,New Delhi,09:30:00,16:20:00,410,1.0,No Info,11654
Multiple Carriers,2019-06-03,Delhi,Cochin,10:35:00,19:00:00,505,1.0,No Info,10877
Multiple Carriers,2019-05-27,Delhi,Cochin,09:00:00,19:00:00,600,1.0,No Info,10407
Spicejet,2019-06-12,Kolkata,Banglore,17:10:00,19:40:00,150,0.0,No Info,4174
Air India,2019-03-06,Banglore,New Delhi,08:15:00,22:55:00,880,2.0,No Info,13942
Jet Airways,2019-06-27,Banglore,Delhi,06:00:00,08:45:00,165,0.0,In-flight meal not included,6478
Indigo,2019-06-24,Chennai,Kolkata,13:15:00,15:35:00,140,0.0,No Info,3597
Jet Airways,2019-03-01,Banglore,New Delhi,08:00:00,05:05:00,1265,1.0,No Info,22270
Goair,2019-06-12,Delhi,Cochin,10:35:00,19:35:00,540,1.0,No Info,4959
Jet Airways,2019-05-18,Banglore,Delhi,15:15:00,18:10:00,175,0.0,In-flight meal not included,4544
Jet Airways,2019-05-27,Banglore,Delhi,07:10:00,10:10:00,180,0.0,No Info,7229
Indigo,2019-06-15,Delhi,Cochin,02:00:00,07:25:00,325,1.0,No Info,5636
Jet Airways,2019-05-15,Kolkata,Banglore,18:55:00,10:05:00,910,1.0,No Info,14388
Jet Airways,2019-06-12,Delhi,Cochin,17:30:00,19:00:00,1530,1.0,In-flight meal not included,10262
Air India,2019-03-06,Delhi,Cochin,18:05:00,21:10:00,185,0.0,No Info,7931
Jet Airways,2019-05-21,Delhi,Cochin,20:55:00,12:35:00,940,1.0,In-flight meal not included,12898
Multiple Carriers,2019-06-15,Delhi,Cochin,18:15:00,01:30:00,435,1.0,No Info,13377
Multiple Carriers,2019-03-03,Delhi,Cochin,13:55:00,01:35:00,700,1.0,No Info,17057
Spicejet,2019-05-27,Banglore,Delhi,05:55:00,08:35:00,160,0.0,No Info,3311
Air India,2019-03-06,Mumbai,Hyderabad,20:15:00,09:15:00,780,1.0,No Info,9535
Multiple Carriers,2019-03-03,Delhi,Cochin,15:25:00,01:35:00,610,1.0,No Info,15147
Indigo,2019-04-01,Banglore,Delhi,20:00:00,22:50:00,170,0.0,No Info,4823
Indigo,2019-05-12,Delhi,Cochin,14:25:00,17:40:00,195,0.0,No Info,5000
Jet Airways,2019-06-15,Delhi,Cochin,17:30:00,19:00:00,1530,1.0,In-flight meal not included,10262
Vistara,2019-03-24,Banglore,New Delhi,16:00:00,18:35:00,155,0.0,No Info,11913
Jet Airways,2019-03-06,Banglore,New Delhi,20:35:00,10:25:00,830,1.0,No Info,17261
Air India,2019-03-21,Delhi,Cochin,06:50:00,19:15:00,2185,2.0,No Info,10756
Spicejet,2019-05-18,Banglore,Delhi,05:55:00,08:35:00,160,0.0,No check-in baggage included,3573
Spicejet,2019-03-27,Delhi,Cochin,08:45:00,13:15:00,270,1.0,No check-in baggage included,4414
Jet Airways,2019-03-06,Banglore,New Delhi,11:40:00,00:45:00,785,1.0,No Info,14815
Jet Airways,2019-05-15,Kolkata,Banglore,16:30:00,18:15:00,1545,1.0,In-flight meal not included,10844
Jet Airways,2019-05-09,Kolkata,Banglore,06:30:00,12:00:00,330,1.0,No Info,14388
Air India,2019-05-01,Kolkata,Banglore,10:00:00,16:15:00,375,1.0,No Info,10203
Air Asia,2019-05-27,Banglore,Delhi,23:55:00,02:45:00,170,0.0,No Info,3383
Jet Airways,2019-04-01,Kolkata,Banglore,18:55:00,16:20:00,1285,1.0,No Info,12681
Multiple Carriers,2019-06-12,Delhi,Cochin,12:50:00,01:30:00,760,1.0,No Info,6795
Spicejet,2019-04-21,Kolkata,Banglore,17:10:00,19:40:00,150,0.0,No Info,4911
Air India,2019-06-03,Delhi,Cochin,06:50:00,07:40:00,1490,2.0,No Info,13381
Jet Airways,2019-05-21,Kolkata,Banglore,16:30:00,04:40:00,730,1.0,No Info,14388
Jet Airways,2019-03-24,Kolkata,Banglore,19:45:00,16:20:00,1235,1.0,In-flight meal not included,10031
Jet Airways,2019-06-01,Delhi,Cochin,20:00:00,04:25:00,505,2.0,No Info,16263
Air India,2019-05-12,Kolkata,Banglore,12:00:00,11:10:00,1390,2.0,No Info,10676
Indigo,2019-06-12,Kolkata,Banglore,20:20:00,22:55:00,155,0.0,No Info,4804
Multiple Carriers,2019-03-21,Delhi,Cochin,11:40:00,19:15:00,455,1.0,No Info,7531
Jet Airways,2019-06-03,Banglore,Delhi,08:20:00,11:20:00,180,0.0,In-flight meal not included,5769
Jet Airways,2019-05-27,Delhi,Cochin,10:00:00,19:00:00,540,1.0,No Info,16079
Jet Airways,2019-06-12,Kolkata,Banglore,06:30:00,04:40:00,1330,1.0,No Info,12739
Multiple Carriers,2019-06-27,Delhi,Cochin,17:30:00,01:30:00,480,1.0,No Info,13377
Indigo,2019-06-01,Delhi,Cochin,17:05:00,22:25:00,320,1.0,No Info,7060
Indigo,2019-03-09,Delhi,Cochin,05:35:00,08:50:00,195,0.0,No Info,6885
Jet Airways,2019-05-24,Kolkata,Banglore,18:55:00,16:20:00,1285,1.0,In-flight meal not included,10844
Indigo,2019-03-09,Chennai,Kolkata,17:05:00,19:40:00,155,0.0,No Info,6297
Jet Airways,2019-03-24,Kolkata,Banglore,08:25:00,04:45:00,1220,1.0,No Info,13759
Indigo,2019-03-06,Delhi,Cochin,04:45:00,15:30:00,645,1.0,No Info,13611
Jet Airways,2019-03-18,Banglore,New Delhi,07:00:00,16:10:00,550,1.0,No Info,12284
Air India,2019-03-21,Delhi,Cochin,12:30:00,09:25:00,1255,1.0,No Info,6482
Air India,2019-04-01,Kolkata,Banglore,05:50:00,13:15:00,445,2.0,No Info,5562
Jet Airways,2019-05-09,Delhi,Cochin,20:00:00,04:25:00,505,2.0,In-flight meal not included,15318
Jet Airways,2019-05-01,Kolkata,Banglore,08:25:00,18:15:00,590,1.0,In-flight meal not included,10844
Spicejet,2019-04-01,Kolkata,Banglore,08:35:00,17:15:00,520,1.0,No Info,6013
Multiple Carriers,2019-06-24,Delhi,Cochin,19:00:00,01:30:00,390,1.0,No Info,6795
Air India,2019-06-06,Kolkata,Banglore,16:45:00,08:55:00,970,2.0,No Info,14960
Spicejet,2019-03-09,Banglore,New Delhi,10:20:00,18:15:00,475,1.0,No Info,7294
Multiple Carriers,2019-06-12,Delhi,Cochin,09:45:00,22:30:00,765,1.0,No Info,9646
Multiple Carriers,2019-05-27,Delhi,Cochin,13:00:00,21:00:00,480,1.0,No Info,7408
Multiple Carriers,2019-05-18,Delhi,Cochin,06:00:00,12:35:00,395,1.0,No Info,9794
Jet Airways,2019-06-09,Kolkata,Banglore,14:05:00,22:35:00,510,1.0,In-flight meal not included,10844
Vistara,2019-05-15,Kolkata,Banglore,20:20:00,22:40:00,1580,1.0,No Info,8452
Jet Airways,2019-05-03,Mumbai,Hyderabad,02:55:00,04:20:00,85,0.0,No Info,5678
Air Asia,2019-03-01,Banglore,New Delhi,23:25:00,02:10:00,165,0.0,Red-eye flight,10873
Spicejet,2019-05-18,Kolkata,Banglore,14:55:00,17:25:00,150,0.0,No Info,4174
Jet Airways,2019-06-03,Delhi,Cochin,05:30:00,19:00:00,810,2.0,In-flight meal not included,10368
Jet Airways,2019-03-18,Banglore,New Delhi,07:00:00,15:15:00,495,1.0,No Info,12284
Air India,2019-06-18,Mumbai,Hyderabad,13:55:00,15:25:00,90,0.0,No Info,3100
Jet Airways,2019-05-06,Banglore,Delhi,17:45:00,20:45:00,180,0.0,In-flight meal not included,4030
Multiple Carriers,2019-05-09,Delhi,Cochin,13:00:00,19:15:00,375,1.0,No Info,14323
Spicejet,2019-03-03,Chennai,Kolkata,08:20:00,10:35:00,135,0.0,No Info,7050
Indigo,2019-03-27,Delhi,Cochin,07:30:00,15:30:00,480,1.0,No Info,8574
Jet Airways,2019-05-06,Kolkata,Banglore,20:00:00,08:15:00,735,1.0,No Info,14388
Jet Airways,2019-06-09,Kolkata,Banglore,18:55:00,16:20:00,1285,1.0,No Info,14571
Jet Airways,2019-05-24,Kolkata,Banglore,18:55:00,10:05:00,910,1.0,In-flight meal not included,8586
Jet Airways,2019-06-03,Delhi,Cochin,10:00:00,19:00:00,540,1.0,In-flight meal not included,10262
Indigo,2019-06-03,Delhi,Cochin,11:25:00,21:00:00,575,1.0,No Info,6093
Vistara,2019-05-06,Kolkata,Banglore,07:10:00,22:40:00,930,1.0,No Info,8452
Multiple Carriers,2019-03-06,Delhi,Cochin,08:00:00,15:30:00,450,1.0,No Info,15078
Indigo,2019-06-27,Banglore,Delhi,18:55:00,21:50:00,175,0.0,No Info,4990
Jet Airways,2019-03-24,Mumbai,Hyderabad,15:50:00,17:20:00,90,0.0,In-flight meal not included,2228
Jet Airways,2019-05-06,Kolkata,Banglore,06:30:00,04:40:00,1330,1.0,No Info,13941
Jet Airways,2019-05-21,Kolkata,Banglore,20:00:00,08:15:00,735,1.0,No Info,14781
Jet Airways,2019-05-18,Delhi,Cochin,05:30:00,19:00:00,810,2.0,No Info,15129
Spicejet,2019-06-01,Kolkata,Banglore,09:00:00,11:25:00,145,0.0,No Info,4174
Multiple Carriers,2019-06-03,Delhi,Cochin,11:40:00,01:30:00,830,1.0,No Info,7530
Indigo,2019-03-24,Kolkata,Banglore,20:25:00,23:05:00,160,0.0,No Info,8872
Multiple Carriers,2019-03-09,Delhi,Cochin,15:05:00,01:35:00,630,2.0,No Info,34608
Jet Airways,2019-06-24,Delhi,Cochin,07:05:00,19:00:00,715,1.0,No Info,18581
Jet Airways,2019-05-09,Kolkata,Banglore,08:25:00,18:15:00,590,1.0,No Info,14781
Jet Airways,2019-04-06,Delhi,Cochin,11:30:00,12:35:00,1505,1.0,In-flight meal not included,5177
Jet Airways,2019-06-09,Delhi,Cochin,22:50:00,04:25:00,335,1.0,No Info,14714
Jet Airways,2019-05-15,Banglore,Delhi,06:00:00,08:45:00,165,0.0,In-flight meal not included,4030
Air India,2019-03-12,Mumbai,Hyderabad,09:15:00,09:15:00,1440,1.0,No Info,8065
Jet Airways,2019-05-12,Kolkata,Banglore,06:30:00,08:15:00,1545,1.0,In-flight meal not included,8586
Jet Airways,2019-05-12,Kolkata,Banglore,21:10:00,18:15:00,1265,1.0,In-flight meal not included,10844
Jet Airways,2019-05-27,Delhi,Cochin,08:00:00,19:00:00,660,1.0,In-flight meal not included,12239
Jet Airways,2019-05-21,Kolkata,Banglore,06:30:00,08:15:00,1545,1.0,In-flight meal not included,8586
Vistara,2019-05-24,Banglore,Delhi,07:00:00,09:40:00,160,0.0,No Info,4668
Jet Airways,2019-03-01,Banglore,New Delhi,16:55:00,09:00:00,965,1.0,1 Long layover,25735
Air Asia,2019-05-09,Kolkata,Banglore,07:35:00,23:30:00,955,1.0,No Info,5192
Air India,2019-06-09,Kolkata,Banglore,07:00:00,20:25:00,805,1.0,No Info,10413
Indigo,2019-06-27,Banglore,Delhi,13:00:00,15:50:00,170,0.0,No Info,3943
Jet Airways,2019-05-01,Delhi,Cochin,09:40:00,12:35:00,1615,2.0,No Info,15129
Spicejet,2019-06-21,Banglore,Delhi,21:10:00,00:05:00,175,0.0,No check-in baggage included,3919
Indigo,2019-03-15,Banglore,New Delhi,23:30:00,02:20:00,170,0.0,No Info,8033
Jet Airways,2019-06-03,Delhi,Cochin,15:00:00,04:25:00,805,1.0,No Info,14714
Jet Airways,2019-05-27,Delhi,Cochin,09:35:00,12:35:00,1620,2.0,In-flight meal not included,12872
Air India,2019-05-09,Kolkata,Banglore,20:30:00,08:55:00,745,1.0,No Info,10203
Vistara,2019-06-18,Banglore,Delhi,07:00:00,09:40:00,160,0.0,No Info,4668
Multiple Carriers,2019-05-27,Delhi,Cochin,13:00:00,21:00:00,480,1.0,No Info,13587
Spicejet,2019-03-09,Kolkata,Banglore,17:15:00,19:45:00,150,0.0,No Info,4622
Multiple Carriers,2019-05-01,Delhi,Cochin,10:20:00,19:00:00,520,1.0,No Info,9794
Indigo,2019-03-09,Kolkata,Banglore,20:25:00,23:05:00,160,0.0,No Info,4148
Jet Airways,2019-03-09,Banglore,New Delhi,08:00:00,21:20:00,800,1.0,In-flight meal not included,11087
Indigo,2019-05-18,Delhi,Cochin,05:35:00,08:50:00,195,0.0,No Info,6015
Spicejet,2019-05-27,Kolkata,Banglore,09:00:00,11:25:00,145,0.0,No check-in baggage included,3841
Indigo,2019-06-27,Banglore,Delhi,16:55:00,19:55:00,180,0.0,No Info,4823
Multiple Carriers,2019-05-21,Delhi,Cochin,04:55:00,19:15:00,860,1.0,No Info,7575
Multiple Carriers,2019-03-27,Delhi,Cochin,09:00:00,18:50:00,590,1.0,No Info,11667
Jet Airways,2019-04-01,Kolkata,Banglore,16:30:00,22:35:00,365,1.0,No Info,12681
Air India,2019-05-21,Kolkata,Banglore,12:00:00,18:30:00,1830,2.0,No Info,10151
Indigo,2019-04-15,Delhi,Cochin,14:25:00,17:40:00,195,0.0,No Info,6015
Indigo,2019-05-03,Chennai,Kolkata,07:55:00,10:15:00,140,0.0,No Info,3850
Jet Airways,2019-05-18,Delhi,Cochin,23:05:00,04:25:00,1760,2.0,No Info,16704
Indigo,2019-03-03,Banglore,New Delhi,23:30:00,02:20:00,170,0.0,No Info,6144
Indigo,2019-03-24,Banglore,New Delhi,10:10:00,13:00:00,170,0.0,No Info,5734
Indigo,2019-05-01,Kolkata,Banglore,04:40:00,07:15:00,155,0.0,No Info,4804
Jet Airways,2019-06-15,Banglore,Delhi,18:55:00,22:00:00,185,0.0,No Info,8016
Spicejet,2019-03-09,Banglore,New Delhi,05:45:00,08:35:00,170,0.0,No Info,7110
Jet Airways,2019-05-27,Delhi,Cochin,02:15:00,12:35:00,620,1.0,In-flight meal not included,10152
Spicejet,2019-05-12,Banglore,Delhi,09:30:00,12:20:00,170,0.0,No check-in baggage included,4319
